COD_DPTO_MUN;Codigo_dep;Nombre_Dep;Codigo_Mun;Municipio;CODIGO;Tien_clim;Tipo
05_001;05;ANTIOQUIA;001;MEDELLIN;26205080;1;ME
05_002;05;ANTIOQUIA;002;ABEJORRAL;26180160;1;PM
05_004;05;ANTIOQUIA;004;ABRIAQUI;11110020;1;PG
05_021;05;ANTIOQUIA;021;ALEJANDRIA;23085030;1;CO
05_030;05;ANTIOQUIA;030;AMAGA;-999;-999;-999
05_031;05;ANTIOQUIA;031;AMALFI;27010850;1;PM
05_034;05;ANTIOQUIA;034;ANDES;26195020;1;CO
05_036;05;ANTIOQUIA;036;ANGELOPOLIS;-999;-999;-999
05_038;05;ANTIOQUIA;038;ANGOSTURA;27020210;1;PM
05_040;05;ANTIOQUIA;040;ANORI;27025030;1;CO
05_042;05;ANTIOQUIA;042;SANTAFE_DE_ANTIOQUIA;26210130;1;PM
05_044;05;ANTIOQUIA;044;ANZA;26210090;1;PM
05_045;05;ANTIOQUIA;045;APARTADO;12015020;1;AM
05_051;05;ANTIOQUIA;051;ARBOLETES;12045010;1;CP
05_055;05;ANTIOQUIA;055;ARGELIA;23055070;1;ME
05_059;05;ANTIOQUIA;059;ARMENIA;26200140;1;PM
05_079;05;ANTIOQUIA;079;BARBOSA;27015150;1;CO
05_086;05;ANTIOQUIA;086;BELMIRA;26230220;1;PM
05_088;05;ANTIOQUIA;088;BELLO;27015090;1;CO
05_091;05;ANTIOQUIA;091;BETANIA;26190090;1;PM
05_093;05;ANTIOQUIA;093;BETULIA;26210140;1;PM
05_101;05;ANTIOQUIA;101;CIUDAD_BOLIVAR;11025010;1;CO
05_107;05;ANTIOQUIA;107;BRICENO;26230160;1;PG
05_113;05;ANTIOQUIA;113;BURITICA;26225040;1;CO
05_120;05;ANTIOQUIA;120;CACERES;26240060;1;PM
05_125;05;ANTIOQUIA;125;CAICEDO;26210070;1;PM
05_129;05;ANTIOQUIA;129;CALDAS;27015260;1;AM
05_134;05;ANTIOQUIA;134;CAMPAMENTO;27027080;0;LM
05_138;05;ANTIOQUIA;138;CANASGORDAS;11115020;1;CO
05_142;05;ANTIOQUIA;142;CARACOLI;-999;-999;-999
05_145;05;ANTIOQUIA;145;CARAMANTA;26170180;1;PM
05_147;05;ANTIOQUIA;147;CAREPA;12015070;1;SP
05_148;05;ANTIOQUIA;148;EL_CARMEN_DE_VIBORAL;-999;-999;-999
05_150;05;ANTIOQUIA;150;CAROLINA;23080680;0;PM
05_154;05;ANTIOQUIA;154;CAUCASIA;27045020;1;CO
05_172;05;ANTIOQUIA;172;CHIGORODO;12010030;1;PM
05_190;05;ANTIOQUIA;190;CISNEROS;-999;-999;-999
05_197;05;ANTIOQUIA;197;COCORNA;23087200;0;LG
05_206;05;ANTIOQUIA;206;CONCEPCION;23087180;0;LG
05_209;05;ANTIOQUIA;209;CONCORDIA;26215010;1;CO
05_212;05;ANTIOQUIA;212;COPACABANA;-999;-999;-999
05_234;05;ANTIOQUIA;234;DABEIBA;11117050;0;LM
05_237;05;ANTIOQUIA;237;DON_MATIAS;-999;-999;-999
05_240;05;ANTIOQUIA;240;EBEJICO;-999;-999;-999
05_250;05;ANTIOQUIA;250;EL_BAGRE;27035030;0;CO
05_264;05;ANTIOQUIA;264;ENTRERRIOS;27010830;1;PM
05_266;05;ANTIOQUIA;266;ENVIGADO;-999;-999;-999
05_282;05;ANTIOQUIA;282;FREDONIA;26175040;1;CO
05_284;05;ANTIOQUIA;284;FRONTINO;11115040;1;CO
05_306;05;ANTIOQUIA;306;GIRALDO;26220090;1;PM
05_308;05;ANTIOQUIA;308;GIRARDOTA;27010820;1;PM
05_310;05;ANTIOQUIA;310;GOMEZ_PLATA;27010900;1;PM
05_313;05;ANTIOQUIA;313;GRANADA;23080820;1;PM
05_315;05;ANTIOQUIA;315;GUADALUPE;-999;-999;-999
05_318;05;ANTIOQUIA;318;GUARNE;27015210;0;CP
05_321;05;ANTIOQUIA;321;GUATAPE;-999;-999;-999
05_347;05;ANTIOQUIA;347;HELICONIA;27010770;1;PM
05_353;05;ANTIOQUIA;353;HISPANIA;-999;-999;-999
05_360;05;ANTIOQUIA;360;ITAGUI;-999;-999;-999
05_361;05;ANTIOQUIA;361;ITUANGO;26220110;1;PG
05_364;05;ANTIOQUIA;364;JARDIN;26195030;1;CO
05_368;05;ANTIOQUIA;368;JERICO;26170190;1;PM
05_376;05;ANTIOQUIA;376;LA_CEJA;23085100;0;AM
05_380;05;ANTIOQUIA;380;LA_ESTRELLA;-999;-999;-999
05_390;05;ANTIOQUIA;390;LA_PINTADA;26187110;0;LG
05_400;05;ANTIOQUIA;400;LA_UNION;26185020;1;CO
05_411;05;ANTIOQUIA;411;LIBORINA;26230140;1;PM
05_425;05;ANTIOQUIA;425;MACEO;23105070;0;CP
05_440;05;ANTIOQUIA;440;MARINILLA;23080640;1;PM
05_467;05;ANTIOQUIA;467;MONTEBELLO;26180200;1;PM
05_475;05;ANTIOQUIA;475;MURINDO;11105010;0;CO
05_480;05;ANTIOQUIA;480;MUTATA;12015010;1;CO
05_483;05;ANTIOQUIA;483;NARINO;-999;-999;-999
05_490;05;ANTIOQUIA;490;NECOCLI;12025030;1;CO
05_495;05;ANTIOQUIA;495;NECHI;25020540;1;PM
05_501;05;ANTIOQUIA;501;OLAYA;26230010;1;PM
05_541;05;ANTIOQUIA;541;PE√êOL;23085110;1;CO
05_543;05;ANTIOQUIA;543;PEQUE;26220050;1;PG
05_576;05;ANTIOQUIA;576;PUEBLORRICO;26170150;1;PM
05_579;05;ANTIOQUIA;579;PUERTO_BERRIO;23095010;1;CP
05_585;05;ANTIOQUIA;585;PUERTO_NARE;23080720;1;PM
05_591;05;ANTIOQUIA;591;PUERTO_TRIUNFO;23077030;0;LM
05_604;05;ANTIOQUIA;604;REMEDIOS;23175020;1;SS
05_607;05;ANTIOQUIA;607;RETIRO;-999;-999;-999
05_615;05;ANTIOQUIA;615;RIONEGRO;23085200;1;SP
05_628;05;ANTIOQUIA;628;SABANALARGA;26230200;1;PG
05_631;05;ANTIOQUIA;631;SABANETA;-999;-999;-999
05_642;05;ANTIOQUIA;642;SALGAR;26210110;1;PM
05_647;05;ANTIOQUIA;647;SAN_ANDRES_DE_CUERQUIA;26230110;1;PM
05_649;05;ANTIOQUIA;649;SAN_CARLOS;23085220;1;CP
05_652;05;ANTIOQUIA;652;SAN_FRANCISCO;23085140;1;CO
05_656;05;ANTIOQUIA;656;SAN_JERONIMO;26230180;1;PM
05_658;05;ANTIOQUIA;658;SAN_JOSE_DE_LA_MONTANA;26237110;0;LG
05_659;05;ANTIOQUIA;659;SAN_JUAN_DE_URABA;12030010;1;PM
05_660;05;ANTIOQUIA;660;SAN_LUIS;23087190;0;LM
05_664;05;ANTIOQUIA;664;SAN_PEDRO;-999;-999;-999
05_665;05;ANTIOQUIA;665;SAN_PEDRO_DE_URABA;12037050;0;LM
05_667;05;ANTIOQUIA;667;SAN_RAFAEL;23085210;1;CP
05_670;05;ANTIOQUIA;670;SAN_ROQUE;23085080;1;CP
05_674;05;ANTIOQUIA;674;SAN_VICENTE;23085160;1;CO
05_679;05;ANTIOQUIA;679;SANTA_BARBARA;26185050;0;CP
05_686;05;ANTIOQUIA;686;SANTA_ROSA_DE_OSOS;27015110;1;CO
05_690;05;ANTIOQUIA;690;SANTO_DOMINGO;27015190;1;CO
05_697;05;ANTIOQUIA;697;EL_SANTUARIO;23080920;1;PG
05_736;05;ANTIOQUIA;736;SEGOVIA;27011100;1;PM
05_756;05;ANTIOQUIA;756;SONSON;26180180;1;PG
05_761;05;ANTIOQUIA;761;SOPETRAN;26235020;0;CO
05_789;05;ANTIOQUIA;789;TAMESIS;26175030;1;CP
05_790;05;ANTIOQUIA;790;TARAZA;26240170;1;PM
05_792;05;ANTIOQUIA;792;TARSO;-999;-999;-999
05_809;05;ANTIOQUIA;809;TITIRIBI;26200120;1;PM
05_819;05;ANTIOQUIA;819;TOLEDO;26235030;1;CO
05_837;05;ANTIOQUIA;837;TURBO;12010010;1;PM
05_842;05;ANTIOQUIA;842;URAMITA;11117010;0;LG
05_847;05;ANTIOQUIA;847;URRAO;11075020;1;CO
05_854;05;ANTIOQUIA;854;VALDIVIA;26255020;1;CP
05_856;05;ANTIOQUIA;856;VALPARAISO;26177090;0;LM
05_858;05;ANTIOQUIA;858;VEGACHI;23105030;1;CO
05_861;05;ANTIOQUIA;861;VENECIA;26200130;1;PM
05_873;05;ANTIOQUIA;873;VIGIA_DEL_FUERTE;11060010;1;PM
05_885;05;ANTIOQUIA;885;YALI;23107030;0;LG
05_887;05;ANTIOQUIA;887;YARUMAL;27020200;1;PG
05_890;05;ANTIOQUIA;890;YOLOMBO;23100040;1;PM
05_893;05;ANTIOQUIA;893;YONDO;23100070;1;PM
05_895;05;ANTIOQUIA;895;ZARAGOZA;27030090;1;PM
08_001;08;ATLANTICO;001;BARRANQUILLA;29045120;1;CP
08_078;08;ATLANTICO;078;BARANOA;29040020;1;PM
08_137;08;ATLANTICO;137;CAMPO_DE_LA_CRUZ;29040250;1;PM
08_141;08;ATLANTICO;141;CANDELARIA;29040200;1;PM
08_296;08;ATLANTICO;296;GALAPA;-999;-999;-999
08_372;08;ATLANTICO;372;JUAN_DE_ACOSTA;29045110;1;CO
08_421;08;ATLANTICO;421;LURUACO;29030140;1;PM
08_433;08;ATLANTICO;433;MALAMBO;-999;-999;-999
08_436;08;ATLANTICO;436;MANATI;29035080;1;CP
08_520;08;ATLANTICO;520;PALMAR_DE_VARELA;-999;-999;-999
08_549;08;ATLANTICO;549;PIOJO;14010010;1;PG
08_558;08;ATLANTICO;558;POLONUEVO;29040080;1;PM
08_560;08;ATLANTICO;560;PONEDERA;29040070;1;PM
08_573;08;ATLANTICO;573;PUERTO_COLOMBIA;29040230;1;PM
08_606;08;ATLANTICO;606;REPELON;29035070;1;CP
08_634;08;ATLANTICO;634;SABANAGRANDE;-999;-999;-999
08_638;08;ATLANTICO;638;SABANALARGA;29040190;1;PM
08_675;08;ATLANTICO;675;SANTA_LUCIA;29040270;1;PM
08_685;08;ATLANTICO;685;SANTO_TOMAS;-999;-999;-999
08_758;08;ATLANTICO;758;SOLEDAD;29045020;1;AM
08_770;08;ATLANTICO;770;SUAN;29040310;1;PM
08_832;08;ATLANTICO;832;TUBARA;14010100;1;PM
08_849;08;ATLANTICO;849;USIACURI;29040240;1;PG
11_001;11;BOGOTA_DC;001;BOGOTA_DC;21205580;1;CO
13_001;13;BOLIVAR;001;CARTAGENA;14015030;1;CP
13_006;13;BOLIVAR;006;ACHI;25020030;1;PM
13_030;13;BOLIVAR;030;ALTOS_DEL_ROSARIO;25027390;0;LM
13_042;13;BOLIVAR;042;ARENAL;25020970;1;PM
13_052;13;BOLIVAR;052;ARJONA;29035170;1;CP
13_062;13;BOLIVAR;062;ARROYOHONDO;29057003;0;LG
13_074;13;BOLIVAR;074;BARRANCO_DE_LOBA;25020880;1;PM
13_140;13;BOLIVAR;140;CALAMAR;14017702;0;LG
13_160;13;BOLIVAR;160;CANTAGALLO;23170030;0;PM
13_188;13;BOLIVAR;188;CICUCO;25021300;1;PM
13_212;13;BOLIVAR;212;CORDOBA;25020960;1;PM
13_222;13;BOLIVAR;222;CLEMENCIA;-999;-999;-999
13_244;13;BOLIVAR;244;EL_CARMEN_DE_BOLIVAR;29015020;1;AM
13_248;13;BOLIVAR;248;EL_GUAMO;29015030;1;CO
13_268;13;BOLIVAR;268;EL_PENON;25027330;0;LM
13_300;13;BOLIVAR;300;HATILLO_DE_LOBA;25021310;1;PM
13_430;13;BOLIVAR;430;MAGANGUE;25025100;1;CP
13_433;13;BOLIVAR;433;MAHATES;29030170;1;PM
13_440;13;BOLIVAR;440;MARGARITA;25020890;1;PM
13_442;13;BOLIVAR;442;MARIA_LA_BAJA;29035030;1;CO
13_458;13;BOLIVAR;458;MONTECRISTO;25025230;1;CO
13_468;13;BOLIVAR;468;MOMPOS;25021180;1;PM
13_473;13;BOLIVAR;473;MORALES;23205040;0;CO
13_490;13;BOLIVAR;490;NOROSI;-999;-999;-999
13_549;13;BOLIVAR;549;PINILLOS;25025210;1;CO
13_580;13;BOLIVAR;580;REGIDOR;25021050;1;PM
13_600;13;BOLIVAR;600;RIO_VIEJO;25025220;1;CO
13_620;13;BOLIVAR;620;SAN_CRISTOBAL;29037701;0;LG
13_647;13;BOLIVAR;647;SAN_ESTANISLAO;29030050;1;PM
13_650;13;BOLIVAR;650;SAN_FERNANDO;25021090;1;PM
13_654;13;BOLIVAR;654;SAN_JACINTO;29030150;1;PG
13_655;13;BOLIVAR;655;SAN_JACINTO_DEL_CAUCA;25020330;1;PM
13_657;13;BOLIVAR;657;SAN_JUAN_NEPOMUCENO;29030570;1;PG
13_667;13;BOLIVAR;667;SAN_MARTIN_DE_LOBA;25020870;1;PM
13_670;13;BOLIVAR;670;SAN_PABLO;23205020;1;CO
13_673;13;BOLIVAR;673;SANTA_CATALINA;14015010;1;CP
13_683;13;BOLIVAR;683;SANTA_ROSA;-999;-999;-999
13_688;13;BOLIVAR;688;SANTA_ROSA_DEL_SUR;23205030;1;CO
13_744;13;BOLIVAR;744;SIMITI;23200010;1;PM
13_760;13;BOLIVAR;760;SOPLAVIENTO;-999;-999;-999
13_780;13;BOLIVAR;780;TALAIGUA_NUEVO;25027560;0;LG
13_810;13;BOLIVAR;810;TIQUISIO;25021320;1;PM
13_836;13;BOLIVAR;836;TURBACO;14010050;1;PM
13_838;13;BOLIVAR;838;TURBANA;-999;-999;-999
13_873;13;BOLIVAR;873;VILLANUEVA;-999;-999;-999
13_894;13;BOLIVAR;894;ZAMBRANO;25025020;1;CP
15_001;15;BOYACA;001;TUNJA;24035130;1;CP
15_022;15;BOYACA;022;ALMEIDA;35070260;1;PG
15_047;15;BOYACA;047;AQUITANIA;35090010;1;PG
15_051;15;BOYACA;051;ARCABUCO;24010630;1;PM
15_087;15;BOYACA;087;BELEN;24037410;0;LM
15_090;15;BOYACA;090;BERBEO;35080030;1;PM
15_092;15;BOYACA;092;BETEITIVA;24035020;1;CO
15_097;15;BOYACA;097;BOAVITA;24035330;1;AM
15_104;15;BOYACA;104;BOYACA;-999;-999;-999
15_106;15;BOYACA;106;BRICENO;-999;-999;-999
15_109;15;BOYACA;109;BUENAVISTA;23125100;1;CP
15_114;15;BOYACA;114;BUSBANZA;-999;-999;-999
15_131;15;BOYACA;131;CALDAS;-999;-999;-999
15_135;15;BOYACA;135;CAMPOHERMOSO;35085050;1;CO
15_162;15;BOYACA;162;CERINZA;24030590;1;PM
15_172;15;BOYACA;172;CHINAVITA;35070060;1;PM
15_176;15;BOYACA;176;CHIQUINQUIRA;24017510;0;LM
15_180;15;BOYACA;180;CHISCAS;24035310;1;CO
15_183;15;BOYACA;183;CHITA;24035250;1;CO
15_185;15;BOYACA;185;CHITARAQUE;-999;-999;-999
15_187;15;BOYACA;187;CHIVATA;24030500;1;PM
15_189;15;BOYACA;189;CIENEGA;-999;-999;-999
15_204;15;BOYACA;204;COMBITA;24030310;1;PM
15_212;15;BOYACA;212;COPER;23120210;1;PM
15_215;15;BOYACA;215;CORRALES;24037310;0;LM
15_218;15;BOYACA;218;COVARACHIA;24030700;1;PM
15_223;15;BOYACA;223;CUBARA;37037010;0;LG
15_224;15;BOYACA;224;CUCAITA;-999;-999;-999
15_226;15;BOYACA;226;CUITIVA;35095030;1;CO
15_232;15;BOYACA;232;CHIQUIZA;24010830;1;PG
15_236;15;BOYACA;236;CHIVOR;35070190;1;PG
15_238;15;BOYACA;238;DUITAMA;24025030;1;CP
15_244;15;BOYACA;244;EL_COCUY;24030260;1;PM
15_248;15;BOYACA;248;EL_ESPINO;24035370;0;CP
15_272;15;BOYACA;272;FIRAVITOBA;24030540;1;PM
15_276;15;BOYACA;276;FLORESTA;-999;-999;-999
15_293;15;BOYACA;293;GACHANTIVA;24010810;1;PM
15_296;15;BOYACA;296;GAMEZA;24030640;1;PM
15_299;15;BOYACA;299;GARAGOA;35070080;1;PG
15_317;15;BOYACA;317;GUACAMAYAS;-999;-999;-999
15_322;15;BOYACA;322;GUATEQUE;-999;-999;-999
15_325;15;BOYACA;325;GUAYATA;35070110;1;PG
15_332;15;BOYACA;332;GsICAN;24035070;1;CO
15_362;15;BOYACA;362;IZA;24030230;1;PM
15_367;15;BOYACA;367;JENESANO;35070220;1;PG
15_368;15;BOYACA;368;JERICO;24030580;1;PM
15_377;15;BOYACA;377;LABRANZAGRANDE;35217090;0;LG
15_380;15;BOYACA;380;LA_CAPILLA;35085080;0;CP
15_401;15;BOYACA;401;LA_VICTORIA;-999;-999;-999
15_403;15;BOYACA;403;LA_UVITA;24035010;1;CO
15_407;15;BOYACA;407;VILLA_DE_LEYVA;24015300;1;CP
15_425;15;BOYACA;425;MACANAL;35075040;1;CP
15_442;15;BOYACA;442;MARIPI;23120150;0;PM
15_455;15;BOYACA;455;MIRAFLORES;35085040;1;CO
15_464;15;BOYACA;464;MONGUA;24030560;1;PM
15_466;15;BOYACA;466;MONGUI;24030190;1;PM
15_469;15;BOYACA;469;MONIQUIRA;24010710;1;PM
15_476;15;BOYACA;476;MOTAVITA;24010840;1;PM
15_480;15;BOYACA;480;MUZO;23120050;1;PM
15_491;15;BOYACA;491;NOBSA;24035150;1;CP
15_494;15;BOYACA;494;NUEVO_COLON;35075010;1;AM
15_500;15;BOYACA;500;OICATA;24030450;1;PM
15_507;15;BOYACA;507;OTANCHE;23125080;1;CO
15_511;15;BOYACA;511;PACHAVITA;35070210;1;PM
15_514;15;BOYACA;514;PAEZ;35080050;1;PG
15_516;15;BOYACA;516;PAIPA;24035170;1;AM
15_518;15;BOYACA;518;PAJARITO;35195050;1;CO
15_522;15;BOYACA;522;PANQUEBA;-999;-999;-999
15_531;15;BOYACA;531;PAUNA;23125090;1;ME
15_533;15;BOYACA;533;PAYA;-999;-999;-999
15_537;15;BOYACA;537;PAZ_DE_RIO;24037510;0;LG
15_542;15;BOYACA;542;PESCA;24030120;1;PG
15_550;15;BOYACA;550;PISBA;35215030;0;CO
15_572;15;BOYACA;572;PUERTO_BOYACA;23115010;1;CO
15_580;15;BOYACA;580;QUIPAMA;23125140;1;CO
15_599;15;BOYACA;599;RAMIRIQUI;35075030;1;CO
15_600;15;BOYACA;600;RAQUIRA;24010180;1;PM
15_621;15;BOYACA;621;RONDON;35085020;1;CO
15_632;15;BOYACA;632;SABOYA;24010700;1;PM
15_638;15;BOYACA;638;SACHICA;24017620;0;LM
15_646;15;BOYACA;646;SAMACA;24015220;1;CP
15_660;15;BOYACA;660;SAN_EDUARDO;-999;-999;-999
15_664;15;BOYACA;664;SAN_JOSE_DE_PARE;-999;-999;-999
15_667;15;BOYACA;667;SAN_LUIS_DE_GACENO;35080070;1;PM
15_673;15;BOYACA;673;SAN_MATEO;24030830;1;PM
15_676;15;BOYACA;676;SAN_MIGUEL_DE_SEMA;24011130;0;PM
15_681;15;BOYACA;681;SAN_PABLO_DE_BORBUR;23120250;1;PM
15_686;15;BOYACA;686;SANTANA;24010110;1;PM
15_690;15;BOYACA;690;SANTA_MARIA;35070180;1;PG
15_693;15;BOYACA;693;SANTA_ROSA_DE_VITERBO;24030400;1;PM
15_696;15;BOYACA;696;SANTA_SOFIA;24015090;1;CO
15_720;15;BOYACA;720;SATIVANORTE;24035320;1;CO
15_723;15;BOYACA;723;SATIVASUR;-999;-999;-999
15_740;15;BOYACA;740;SIACHOQUE;24030140;1;PM
15_753;15;BOYACA;753;SOATA;-999;-999;-999
15_755;15;BOYACA;755;SOCOTA;35235010;1;CO
15_757;15;BOYACA;757;SOCHA;24030690;1;PM
15_759;15;BOYACA;759;SOGAMOSO;24035340;1;CP
15_761;15;BOYACA;761;SOMONDOCO;35070100;1;PM
15_762;15;BOYACA;762;SORA;-999;-999;-999
15_763;15;BOYACA;763;SOTAQUIRA;24030380;1;PM
15_764;15;BOYACA;764;SORACA;24030420;1;PM
15_774;15;BOYACA;774;SUSACON;24030240;1;PM
15_776;15;BOYACA;776;SUTAMARCHAN;24017830;0;LM
15_778;15;BOYACA;778;SUTATENZA;35075020;1;CP
15_790;15;BOYACA;790;TASCO;24030160;1;PM
15_798;15;BOYACA;798;TENZA;35070550;1;PG
15_804;15;BOYACA;804;TIBANA;35070040;1;PM
15_806;15;BOYACA;806;TIBASOSA;24030410;1;PM
15_808;15;BOYACA;808;TINJACA;-999;-999;-999
15_810;15;BOYACA;810;TIPACOQUE;-999;-999;-999
15_814;15;BOYACA;814;TOCA;24035040;1;CO
15_816;15;BOYACA;816;TOGsI;-999;-999;-999
15_820;15;BOYACA;820;TOPAGA;-999;-999;-999
15_822;15;BOYACA;822;TOTA;35097070;0;LM
15_832;15;BOYACA;832;TUNUNGUA;-999;-999;-999
15_835;15;BOYACA;835;TURMEQUE;35070030;1;PM
15_837;15;BOYACA;837;TUTA;24030820;1;PG
15_839;15;BOYACA;839;TUTAZA;24030650;1;PM
15_842;15;BOYACA;842;UMBITA;35070050;1;PM
15_861;15;BOYACA;861;VENTAQUEMADA;35070020;1;PM
15_879;15;BOYACA;879;VIRACACHA;-999;-999;-999
15_897;15;BOYACA;897;ZETAQUIRA;35080010;1;PM
17_001;17;CALDAS;001;MANIZALES;26155110;1;SP
17_013;17;CALDAS;013;AGUADAS;26185010;1;CO
17_042;17;CALDAS;042;ANSERMA;26145020;1;CO
17_050;17;CALDAS;050;ARANZAZU;-999;-999;-999
17_088;17;CALDAS;088;BELALCAZAR;26147140;0;LG
17_174;17;CALDAS;174;CHINCHINA;26155160;0;ME
17_272;17;CALDAS;272;FILADELFIA;26167080;0;LM
17_380;17;CALDAS;380;LA_DORADA;23040030;1;PM
17_388;17;CALDAS;388;LA_MERCED;-999;-999;-999
17_433;17;CALDAS;433;MANZANARES;23020080;1;PM
17_442;17;CALDAS;442;MARMATO;26170350;0;PM
17_444;17;CALDAS;444;MARQUETALIA;23050080;1;PM
17_446;17;CALDAS;446;MARULANDA;23020090;1;PM
17_486;17;CALDAS;486;NEIRA;26160120;1;PM
17_495;17;CALDAS;495;NORCASIA;23050250;1;PM
17_513;17;CALDAS;513;PACORA;26160090;1;PM
17_524;17;CALDAS;524;PALESTINA;26150060;1;PM
17_541;17;CALDAS;541;PENSILVANIA;23050230;1;PM
17_614;17;CALDAS;614;RIOSUCIO;26170290;1;PM
17_616;17;CALDAS;616;RISARALDA;26170270;0;PM
17_653;17;CALDAS;653;SALAMINA;26185040;1;CO
17_662;17;CALDAS;662;SAMANA;23055040;1;CO
17_665;17;CALDAS;665;SAN_JOSE;-999;-999;-999
17_777;17;CALDAS;777;SUPIA;26177010;0;LM
17_867;17;CALDAS;867;VICTORIA;23020100;1;PM
17_873;17;CALDAS;873;VILLAMARIA;26155150;1;CP
17_877;17;CALDAS;877;VITERBO;26145050;1;CO
18_001;18;CAQUETA;001;FLORENCIA;44035020;1;CO
18_029;18;CAQUETA;029;ALBANIA;-999;-999;-999
18_094;18;CAQUETA;094;BELEN_DE_LOS_ANDAQUIES;44045030;1;CO
18_150;18;CAQUETA;150;CARTAGENA_DEL_CHAIRA;46040010;1;PM
18_205;18;CAQUETA;205;CURILLO;-999;-999;-999
18_247;18;CAQUETA;247;EL_DONCELLO;46035010;1;CO
18_256;18;CAQUETA;256;EL_PAUJIL;44037070;0;LM
18_410;18;CAQUETA;410;LA_MONTANITA;44037100;0;LG
18_460;18;CAQUETA;460;MILAN;44030080;1;PM
18_479;18;CAQUETA;479;MORELIA;44037080;0;LG
18_592;18;CAQUETA;592;PUERTO_RICO;46035020;1;CO
18_610;18;CAQUETA;610;SAN_JOSE_DEL_FRAGUA;44045010;1;CO
18_753;18;CAQUETA;753;SAN_VICENTE_DEL_CAGUAN;46015010;1;CP
18_756;18;CAQUETA;756;SOLANO;44135010;1;CP
18_785;18;CAQUETA;785;SOLITA;-999;-999;-999
18_860;18;CAQUETA;860;VALPARAISO;44045020;1;CO
19_001;19;CAUCA;001;POPAYAN;26035030;1;SP
19_022;19;CAUCA;022;ALMAGUER;52020180;1;PG
19_050;19;CAUCA;050;ARGELIA;53075020;0;CP
19_075;19;CAUCA;075;BALBOA;52010020;1;PM
19_100;19;CAUCA;100;BOLIVAR;52025010;1;CO
19_110;19;CAUCA;110;BUENOS_AIRES;26020100;1;PM
19_130;19;CAUCA;130;CAJIBIO;26025090;1;CO
19_137;19;CAUCA;137;CALDONO;26040290;1;PM
19_142;19;CAUCA;142;CALOTO;26020120;1;PM
19_212;19;CAUCA;212;CORINTO;26040250;1;PM
19_256;19;CAUCA;256;EL_TAMBO;52010100;1;PG
19_290;19;CAUCA;290;FLORENCIA;-999;-999;-999
19_300;19;CAUCA;300;GUACHENE;-999;-999;-999
19_318;19;CAUCA;318;GUAPI;53045030;1;CO
19_355;19;CAUCA;355;INZA;21050230;1;PM
19_364;19;CAUCA;364;JAMBALO;26040280;0;PM
19_392;19;CAUCA;392;LA_SIERRA;52025050;1;CO
19_397;19;CAUCA;397;LA_VEGA;52020190;1;PG
19_418;19;CAUCA;418;LOPEZ;53070030;1;PG
19_450;19;CAUCA;450;MERCADERES;52025060;1;CP
19_455;19;CAUCA;455;MIRANDA;26065010;1;CO
19_473;19;CAUCA;473;MORALES;26020220;1;PM
19_513;19;CAUCA;513;PADILLA;-999;-999;-999
19_517;19;CAUCA;517;PAEZ;21050070;1;PM
19_532;19;CAUCA;532;PATIA;52010080;1;PM
19_533;19;CAUCA;533;PIAMONTE;-999;-999;-999
19_548;19;CAUCA;548;PIENDAMO;26025100;1;CO
19_573;19;CAUCA;573;PUERTO_TEJADA;26045010;1;CO
19_585;19;CAUCA;585;PURACE;21055030;1;CO
19_622;19;CAUCA;622;ROSAS;52010050;1;PG
19_693;19;CAUCA;693;SAN_SEBASTIAN;44015030;1;CP
19_698;19;CAUCA;698;SANTANDER_DE_QUILICHAO;26020200;1;PM
19_701;19;CAUCA;701;SANTA_ROSA;44010100;1;PG
19_743;19;CAUCA;743;SILVIA;26020020;1;PM
19_760;19;CAUCA;760;SOTARA;52015010;1;CO
19_780;19;CAUCA;780;SUAREZ;26035040;1;CP
19_785;19;CAUCA;785;SUCRE;-999;-999;-999
19_807;19;CAUCA;807;TIMBIO;52010110;1;PM
19_809;19;CAUCA;809;TIMBIQUI;53050020;1;PM
19_821;19;CAUCA;821;TORIBIO;26040260;1;PM
19_824;19;CAUCA;824;TOTORO;26025070;1;CO
19_845;19;CAUCA;845;VILLA_RICA;26060030;1;PM
20_001;20;CESAR;001;VALLEDUPAR;28035010;1;CO
20_011;20;CESAR;011;AGUACHICA;23215030;1;CO
20_013;20;CESAR;013;AGUSTIN_CODAZZI;28025070;1;AM
20_032;20;CESAR;032;ASTREA;25020220;1;PM
20_045;20;CESAR;045;BECERRIL;28025080;1;CP
20_060;20;CESAR;060;BOSCONIA;28040030;1;PM
20_175;20;CESAR;175;CHIMICHAGUA;25020240;1;PM
20_178;20;CESAR;178;CHIRIGUANA;25025250;1;CO
20_228;20;CESAR;228;CURUMANI;25020250;1;PM
20_238;20;CESAR;238;EL_COPEY;28047030;0;LM
20_250;20;CESAR;250;EL_PASO;25020280;1;PM
20_295;20;CESAR;295;GAMARRA;23210010;1;PM
20_310;20;CESAR;310;GONZALEZ;-999;-999;-999
20_383;20;CESAR;383;LA_GLORIA;23210120;1;PM
20_400;20;CESAR;400;LA_JAGUA_DE_IBIRICO;25020230;1;PM
20_443;20;CESAR;443;MANAURE;28010040;1;PM
20_517;20;CESAR;517;PAILITAS;25025330;1;CP
20_550;20;CESAR;550;PELAYA;25021640;1;PM
20_570;20;CESAR;570;PUEBLO_BELLO;28040010;1;PM
20_614;20;CESAR;614;RIO_DE_ORO;16050060;1;PM
20_621;20;CESAR;621;LA_PAZ;28027030;0;LM
20_710;20;CESAR;710;SAN_ALBERTO;23190110;1;PM
20_750;20;CESAR;750;SAN_DIEGO;28025020;1;CO
20_770;20;CESAR;770;SAN_MARTIN;23190520;1;PM
20_787;20;CESAR;787;TAMALAMEQUE;25020090;1;PM
23_001;23;CORDOBA;001;MONTERIA;13065020;1;CO
23_068;23;CORDOBA;068;AYAPEL;25025150;1;CO
23_079;23;CORDOBA;079;BUENAVISTA;25021010;1;PM
23_090;23;CORDOBA;090;CANALETE;12040020;1;PM
23_162;23;CORDOBA;162;CERETE;13075030;1;AM
23_168;23;CORDOBA;168;CHIMA;13075010;1;CO
23_182;23;CORDOBA;182;CHINU;25020730;1;PM
23_189;23;CORDOBA;189;CIENAGA_DE_ORO;13075020;1;CO
23_300;23;CORDOBA;300;COTORRA;13070210;1;PM
23_350;23;CORDOBA;350;LA_APARTADA;25020700;1;PM
23_417;23;CORDOBA;417;LORICA;13085010;1;CP
23_419;23;CORDOBA;419;LOS_CORDOBAS;-999;-999;-999
23_464;23;CORDOBA;464;MOMIL;13070020;1;LM
23_466;23;CORDOBA;466;MONTELIBANO;25025160;1;CO
23_500;23;CORDOBA;500;MONITOS;-999;-999;-999
23_555;23;CORDOBA;555;PLANETA_RICA;25015010;1;CO
23_570;23;CORDOBA;570;PUEBLO_NUEVO;25020710;1;PM
23_574;23;CORDOBA;574;PUERTO_ESCONDIDO;12045020;1;CO
23_580;23;CORDOBA;580;PUERTO_LIBERTADOR;25010010;1;PM
23_586;23;CORDOBA;586;PURISIMA;-999;-999;-999
23_660;23;CORDOBA;660;SAHAGUN;25025170;1;CO
23_670;23;CORDOBA;670;SAN_ANDRES_SOTAVENTO;13070430;1;PM
23_672;23;CORDOBA;672;SAN_ANTERO;13070440;1;PM
23_675;23;CORDOBA;675;SAN_BERNARDO_DEL_VIENTO;13085030;1;CO
23_678;23;CORDOBA;678;SAN_CARLOS;13070090;1;PM
23_682;23;CORDOBA;682;SAN_JOSE_DE_URE;25010060;1;PM
23_686;23;CORDOBA;686;SAN_PELAYO;13070180;1;PM
23_807;23;CORDOBA;807;TIERRALTA;13030010;1;PM
23_855;23;CORDOBA;855;VALENCIA;13040030;1;PM
25_001;25;CUNDINAMARCA;001;AGUA_DE_DIOS;-999;-999;-999
25_019;25;CUNDINAMARCA;019;ALBAN;23065060;1;CO
25_035;25;CUNDINAMARCA;035;ANAPOIMA;21205660;1;CO
25_040;25;CUNDINAMARCA;040;ANOLAIMA;21205670;1;CO
25_053;25;CUNDINAMARCA;053;ARBELAEZ;-999;-999;-999
25_086;25;CUNDINAMARCA;086;BELTRAN;-999;-999;-999
25_095;25;CUNDINAMARCA;095;BITUIMA;-999;-999;-999
25_099;25;CUNDINAMARCA;099;BOJACA;21206280;1;CO
25_120;25;CUNDINAMARCA;120;CABRERA;21195110;1;CO
25_123;25;CUNDINAMARCA;123;CACHIPAY;-999;-999;-999
25_126;25;CUNDINAMARCA;126;CAJICA;-999;-999;-999
25_148;25;CUNDINAMARCA;148;CAPARRAPI;23060110;1;PM
25_151;25;CUNDINAMARCA;151;CAQUEZA;35030080;1;PG
25_154;25;CUNDINAMARCA;154;CARMEN_DE_CARUPA;24010610;1;PM
25_168;25;CUNDINAMARCA;168;CHAGUANI;21230120;1;PM
25_175;25;CUNDINAMARCA;175;CHIA;21205890;1;ME
25_178;25;CUNDINAMARCA;178;CHIPAQUE;35027100;0;LG
25_181;25;CUNDINAMARCA;181;CHOACHI;35025060;1;CO
25_183;25;CUNDINAMARCA;183;CHOCONTA;21205740;1;CO
25_200;25;CUNDINAMARCA;200;COGUA;-999;-999;-999
25_214;25;CUNDINAMARCA;214;COTA;21205930;0;ME
25_224;25;CUNDINAMARCA;224;CUCUNUBA;24010140;1;PM
25_245;25;CUNDINAMARCA;245;EL_COLEGIO;21202160;1;PM
25_258;25;CUNDINAMARCA;258;EL_PENON;23060180;1;PM
25_260;25;CUNDINAMARCA;260;EL_ROSAL;-999;-999;-999
25_269;25;CUNDINAMARCA;269;FACATATIVA;21201070;1;PM
25_279;25;CUNDINAMARCA;279;FOMEQUE;35020290;1;PM
25_281;25;CUNDINAMARCA;281;FOSCA;-999;-999;-999
25_286;25;CUNDINAMARCA;286;FUNZA;21206210;1;ME
25_288;25;CUNDINAMARCA;288;FUQUENE;24015120;1;CP
25_290;25;CUNDINAMARCA;290;FUSAGASUGA;21195120;1;CP
25_293;25;CUNDINAMARCA;293;GACHALA;35060100;1;PG
25_295;25;CUNDINAMARCA;295;GACHANCIPA;21201050;1;PM
25_297;25;CUNDINAMARCA;297;GACHETA;35065010;1;CO
25_299;25;CUNDINAMARCA;299;GAMA;35060240;1;PM
25_307;25;CUNDINAMARCA;307;GIRARDOT;21235030;0;CP
25_312;25;CUNDINAMARCA;312;GRANADA;-999;-999;-999
25_317;25;CUNDINAMARCA;317;GUACHETA;24010170;1;PM
25_320;25;CUNDINAMARCA;320;GUADUAS;21230090;1;PM
25_322;25;CUNDINAMARCA;322;GUASCA;21205700;1;CO
25_324;25;CUNDINAMARCA;324;GUATAQUI;-999;-999;-999
25_326;25;CUNDINAMARCA;326;GUATAVITA;21200780;1;PM
25_328;25;CUNDINAMARCA;328;GUAYABAL_DE_SIQUIMA;-999;-999;-999
25_335;25;CUNDINAMARCA;335;GUAYABETAL;35020020;1;PG
25_339;25;CUNDINAMARCA;339;GUTIERREZ;35020300;1;PM
25_368;25;CUNDINAMARCA;368;JERUSALEN;21235010;1;CO
25_372;25;CUNDINAMARCA;372;JUNIN;35060020;1;PM
25_377;25;CUNDINAMARCA;377;LA_CALERA;35025080;0;CP
25_386;25;CUNDINAMARCA;386;LA_MESA;21206710;0;CP
25_394;25;CUNDINAMARCA;394;LA_PALMA;23060170;1;PM
25_398;25;CUNDINAMARCA;398;LA_PENA;-999;-999;-999
25_402;25;CUNDINAMARCA;402;LA_VEGA;23060370;0;PM
25_407;25;CUNDINAMARCA;407;LENGUAZAQUE;24010070;1;PM
25_426;25;CUNDINAMARCA;426;MACHETA;35070230;1;PG
25_430;25;CUNDINAMARCA;430;MADRID;21205770;1;CO
25_436;25;CUNDINAMARCA;436;MANTA;35070490;1;PM
25_438;25;CUNDINAMARCA;438;MEDINA;35040010;1;PM
25_473;25;CUNDINAMARCA;473;MOSQUERA;21205420;1;AM
25_483;25;CUNDINAMARCA;483;NARINO;21230060;1;PM
25_486;25;CUNDINAMARCA;486;NEMOCON;21206790;0;CP
25_488;25;CUNDINAMARCA;488;NILO;21190210;1;PM
25_489;25;CUNDINAMARCA;489;NIMAIMA;23067060;0;LG
25_491;25;CUNDINAMARCA;491;NOCAIMA;23060260;1;PM
25_506;25;CUNDINAMARCA;506;VENECIA;21190240;1;PM
25_513;25;CUNDINAMARCA;513;PACHO;23065120;1;CO
25_518;25;CUNDINAMARCA;518;PAIME;23120240;1;PM
25_524;25;CUNDINAMARCA;524;PANDI;21195060;1;CO
25_530;25;CUNDINAMARCA;530;PARATEBUENO;35055010;1;CO
25_535;25;CUNDINAMARCA;535;PASCA;21195070;1;CO
25_572;25;CUNDINAMARCA;572;PUERTO_SALGAR;23035020;1;SP
25_580;25;CUNDINAMARCA;580;PULI;21237040;0;LM
25_592;25;CUNDINAMARCA;592;QUEBRADANEGRA;23065190;0;CP
25_594;25;CUNDINAMARCA;594;QUETAME;35027190;0;LG
25_596;25;CUNDINAMARCA;596;QUIPILE;-999;-999;-999
25_599;25;CUNDINAMARCA;599;APULO;-999;-999;-999
25_612;25;CUNDINAMARCA;612;RICAURTE;-999;-999;-999
25_645;25;CUNDINAMARCA;645;SAN_ANTONIO_DEL_TEQUENDAMA;-999;-999;-999
25_649;25;CUNDINAMARCA;649;SAN_BERNARDO;21190350;1;PM
25_653;25;CUNDINAMARCA;653;SAN_CAYETANO;23125070;1;CO
25_658;25;CUNDINAMARCA;658;SAN_FRANCISCO;23065100;1;CO
25_662;25;CUNDINAMARCA;662;SAN_JUAN_DE_RIO_SECO;21230070;1;PM
25_718;25;CUNDINAMARCA;718;SASAIMA;23060290;1;PM
25_736;25;CUNDINAMARCA;736;SESQUILE;21205850;1;ME
25_740;25;CUNDINAMARCA;740;SIBATE;21201310;1;PM
25_743;25;CUNDINAMARCA;743;SILVANIA;21195160;0;CP
25_745;25;CUNDINAMARCA;745;SIMIJACA;24010150;1;PG
25_754;25;CUNDINAMARCA;754;SOACHA;21205720;1;CO
25_758;25;CUNDINAMARCA;758;SOPO;21205920;1;ME
25_769;25;CUNDINAMARCA;769;SUBACHOQUE;21205960;0;ME
25_772;25;CUNDINAMARCA;772;SUESCA;21206010;1;ME
25_777;25;CUNDINAMARCA;777;SUPATA;23060200;1;PM
25_779;25;CUNDINAMARCA;779;SUSA;24011060;1;PM
25_781;25;CUNDINAMARCA;781;SUTATAUSA;-999;-999;-999
25_785;25;CUNDINAMARCA;785;TABIO;21206020;1;ME
25_793;25;CUNDINAMARCA;793;TAUSA;21201180;1;PM
25_797;25;CUNDINAMARCA;797;TENA;-999;-999;-999
25_799;25;CUNDINAMARCA;799;TENJO;21205980;1;CO
25_805;25;CUNDINAMARCA;805;TIBACUY;21190030;1;PG
25_807;25;CUNDINAMARCA;807;TIBIRITA;35077140;0;LG
25_815;25;CUNDINAMARCA;815;TOCAIMA;21201100;1;PM
25_817;25;CUNDINAMARCA;817;TOCANCIPA;21206450;0;CP
25_823;25;CUNDINAMARCA;823;TOPAIPI;-999;-999;-999
25_839;25;CUNDINAMARCA;839;UBALA;35060180;1;PM
25_841;25;CUNDINAMARCA;841;UBAQUE;35025050;1;CO
25_843;25;CUNDINAMARCA;843;VILLA_DE_SAN_DIEGO_DE_UBATE;24015110;1;CO
25_845;25;CUNDINAMARCA;845;UNE;-999;-999;-999
25_851;25;CUNDINAMARCA;851;UTICA;23060190;1;PM
25_862;25;CUNDINAMARCA;862;VERGARA;-999;-999;-999
25_867;25;CUNDINAMARCA;867;VIANI;-999;-999;-999
25_871;25;CUNDINAMARCA;871;VILLAGOMEZ;23125150;0;ME
25_873;25;CUNDINAMARCA;873;VILLAPINZON;21201640;1;PG
25_875;25;CUNDINAMARCA;875;VILLETA;23065180;0;CP
25_878;25;CUNDINAMARCA;878;VIOTA;21201090;1;PM
25_885;25;CUNDINAMARCA;885;YACOPI;23065110;1;CO
25_898;25;CUNDINAMARCA;898;ZIPACON;-999;-999;-999
25_899;25;CUNDINAMARCA;899;ZIPAQUIRA;21205910;1;ME
27_001;27;CHOCO;001;QUIBDO;11045010;1;SP
27_006;27;CHOCO;006;ACANDI;11150030;1;PM
27_025;27;CHOCO;025;ALTO_BAUDO;55010010;1;PM
27_050;27;CHOCO;050;ATRATO;-999;-999;-999
27_073;27;CHOCO;073;BAGADO;-999;-999;-999
27_075;27;CHOCO;075;BAHIA_SOLANO;56015010;1;CO
27_077;27;CHOCO;077;BAJO_BAUDO;-999;-999;-999
27_099;27;CHOCO;099;BOJAYA;11080010;1;PM
27_135;27;CHOCO;135;EL_CANTON_DEL_SAN_PABLO;11030030;1;PM
27_150;27;CHOCO;150;CARMEN_DEL_DARIEN__;11100020;1;PM
27_160;27;CHOCO;160;CERTEGUI;11030010;1;PM
27_205;27;CHOCO;205;CONDOTO;54020060;1;PM
27_245;27;CHOCO;245;EL_CARMEN;11020010;1;PM
27_250;27;CHOCO;250;EL_LITORAL_DEL_SAN_JUAN;54090010;1;PM
27_361;27;CHOCO;361;ISTMINA;54010010;1;PM
27_372;27;CHOCO;372;JURADO;56015020;0;CO
27_413;27;CHOCO;413;LLORO;11035010;1;CO
27_425;27;CHOCO;425;MEDIO_ATRATO;11050020;1;PM
27_430;27;CHOCO;430;MEDIO_BAUDO;55017010;0;LG
27_450;27;CHOCO;450;MEDIO_SAN_JUAN;54085010;1;CO
27_491;27;CHOCO;491;NOVITA;54020020;1;PM
27_495;27;CHOCO;495;NUQUI;56010050;0;PG
27_580;27;CHOCO;580;RIO_IRO;-999;-999;-999
27_600;27;CHOCO;600;RIO_QUITO;11030040;1;PM
27_615;27;CHOCO;615;RIOSUCIO;11120040;1;PM
27_660;27;CHOCO;660;SAN_JOSE_DEL_PALMAR;54025010;1;CO
27_745;27;CHOCO;745;SIPI;54035010;0;CO
27_787;27;CHOCO;787;TADO;54017040;0;LG
27_800;27;CHOCO;800;UNGUIA;11130010;1;PM
27_810;27;CHOCO;810;UNION_PANAMERICANA;-999;-999;-999
41_001;41;HUILA;001;NEIVA;21115100;1;CO
41_006;41;HUILA;006;ACEVEDO;21030060;1;PM
41_013;41;HUILA;013;AGRADO;21045010;1;CO
41_016;41;HUILA;016;AIPE;21130110;1;PG
41_020;41;HUILA;020;ALGECIRAS;21105030;1;CO
41_026;41;HUILA;026;ALTAMIRA;21025030;1;CO
41_078;41;HUILA;078;BARAYA;21115140;1;CO
41_132;41;HUILA;132;CAMPOALEGRE;21105040;1;CO
41_206;41;HUILA;206;COLOMBIA;21145070;1;CO
41_244;41;HUILA;244;ELIAS;21020040;1;PM
41_298;41;HUILA;298;GARZON;21065040;1;CO
41_306;41;HUILA;306;GIGANTE;21060070;1;PM
41_319;41;HUILA;319;GUADALUPE;21030050;1;PM
41_349;41;HUILA;349;HOBO;21060090;1;PM
41_357;41;HUILA;357;IQUIRA;21085040;1;CO
41_359;41;HUILA;359;ISNOS;21010050;1;PM
41_378;41;HUILA;378;LA_ARGENTINA;21050060;1;PM
41_396;41;HUILA;396;LA_PLATA;21055020;1;CP
41_483;41;HUILA;483;NATAGA;21050090;1;PM
41_503;41;HUILA;503;OPORAPA;21040030;1;PM
41_518;41;HUILA;518;PAICOL;21050150;1;PM
41_524;41;HUILA;524;PALERMO;21095010;1;CO
41_530;41;HUILA;530;PALESTINA;21010100;1;PM
41_548;41;HUILA;548;PITAL;21040060;1;PM
41_551;41;HUILA;551;PITALITO;21015020;1;CO
41_615;41;HUILA;615;RIVERA;21110440;1;PM
41_660;41;HUILA;660;SALADOBLANCO;21010220;1;PM
41_668;41;HUILA;668;SAN_AGUSTIN;21015030;1;CP
41_676;41;HUILA;676;SANTA_MARIA;21125010;1;CO
41_770;41;HUILA;770;SUAZA;21035040;1;CO
41_791;41;HUILA;791;TARQUI;21040050;1;PM
41_797;41;HUILA;797;TESALIA;21080110;1;PG
41_799;41;HUILA;799;TELLO;21115070;1;CO
41_801;41;HUILA;801;TERUEL;21085030;1;CO
41_807;41;HUILA;807;TIMANA;-999;-999;-999
41_872;41;HUILA;872;VILLAVIEJA;21115060;1;CO
41_885;41;HUILA;885;YAGUARA;21080030;1;PM
44_001;44;LA_GUAJIRA;001;RIOHACHA;15045010;1;CO
44_035;44;LA_GUAJIRA;035;ALBANIA;15060130;1;PG
44_078;44;LA_GUAJIRA;078;BARRANCAS;15060200;1;PG
44_090;44;LA_GUAJIRA;090;DIBULLA;15035020;1;CO
44_098;44;LA_GUAJIRA;098;DISTRACCION;15060050;1;PM
44_110;44;LA_GUAJIRA;110;EL_MOLINO;-999;-999;-999
44_279;44;LA_GUAJIRA;279;FONSECA;15065040;1;CP
44_378;44;LA_GUAJIRA;378;HATONUEVO;15065130;1;CP
44_420;44;LA_GUAJIRA;420;LA_JAGUA_DEL_PILAR;28017070;0;LM
44_430;44;LA_GUAJIRA;430;MAICAO;15085030;1;CO
44_560;44;LA_GUAJIRA;560;MANAURE;15075030;1;CP
44_650;44;LA_GUAJIRA;650;SAN_JUAN_DEL_CESAR;15060080;1;PM
44_847;44;LA_GUAJIRA;847;URIBIA;15075060;1;CP
44_855;44;LA_GUAJIRA;855;URUMITA;28015070;1;CO
44_874;44;LA_GUAJIRA;874;VILLANUEVA;28010340;1;PM
47_001;47;MAGDALENA;001;SANTA_MARTA;15015060;1;CP
47_030;47;MAGDALENA;030;ALGARROBO;28040280;0;PM
47_053;47;MAGDALENA;053;ARACATACA;29060060;1;PM
47_058;47;MAGDALENA;058;ARIGUANI;25021250;1;PM
47_161;47;MAGDALENA;161;CERRO_SAN_ANTONIO;-999;-999;-999
47_170;47;MAGDALENA;170;CHIBOLO;-999;-999;-999
47_189;47;MAGDALENA;189;CIENAGA;15015020;1;CO
47_205;47;MAGDALENA;205;CONCORDIA;-999;-999;-999
47_245;47;MAGDALENA;245;EL_BANCO;25025090;1;SP
47_258;47;MAGDALENA;258;EL_PINON;29050010;1;PM
47_268;47;MAGDALENA;268;EL_RETEN;29060030;1;PM
47_288;47;MAGDALENA;288;FUNDACION;28040150;1;PM
47_318;47;MAGDALENA;318;GUAMAL;-999;-999;-999
47_460;47;MAGDALENA;460;NUEVA_GRANADA;25021620;1;PM
47_541;47;MAGDALENA;541;PEDRAZA;-999;-999;-999
47_545;47;MAGDALENA;545;PIJINO_DEL_CARMEN;-999;-999;-999
47_551;47;MAGDALENA;551;PIVIJAY;29065080;1;CO
47_555;47;MAGDALENA;555;PLATO;25021600;1;PM
47_570;47;MAGDALENA;570;PUEBLOVIEJO;29060120;1;PM
47_605;47;MAGDALENA;605;REMOLINO;29060540;1;PM
47_660;47;MAGDALENA;660;SABANAS_DE_SAN_ANGEL;28040140;1;PM
47_675;47;MAGDALENA;675;SALAMINA;29050020;1;PM
47_692;47;MAGDALENA;692;SAN_SEBASTIAN_DE_BUENAVISTA;25025300;1;CO
47_703;47;MAGDALENA;703;SAN_ZENON;25021030;1;PM
47_707;47;MAGDALENA;707;SANTA_ANA;25021500;1;PM
47_720;47;MAGDALENA;720;SANTA_BARBARA_DE_PINTO;25021020;1;PM
47_745;47;MAGDALENA;745;SITIONUEVO;29060080;1;PM
47_798;47;MAGDALENA;798;TENERIFE;29017010;0;LM
47_960;47;MAGDALENA;960;ZAPAYAN;-999;-999;-999
47_980;47;MAGDALENA;980;ZONA_BANANERA;29065020;1;CO
50_001;50;META;001;VILLAVICENCIO;35025020;1;CP
50_006;50;META;006;ACACIAS;35010020;1;PM
50_110;50;META;110;BARRANCA_DE_UPIA;35105050;1;CO
50_124;50;META;124;CABUYARO;35100020;1;PM
50_150;50;META;150;CASTILLA_LA_NUEVA;35010060;1;PM
50_223;50;META;223;CUBARRAL;32060030;1;PM
50_226;50;META;226;CUMARAL;35045020;1;CO
50_245;50;META;245;EL_CALVARIO;35030010;1;PG
50_251;50;META;251;EL_CASTILLO;32060020;1;PM
50_270;50;META;270;EL_DORADO;32060060;1;PM
50_287;50;META;287;FUENTE_DE_ORO;32070020;1;PM
50_313;50;META;313;GRANADA;32075040;1;CO
50_318;50;META;318;GUAMAL;35010040;1;PM
50_325;50;META;325;MAPIRIPAN;32090010;1;PM
50_330;50;META;330;MESETAS;32075050;1;CO
50_350;50;META;350;LA_MACARENA;32035010;1;CP
50_370;50;META;370;URIBE;32010010;1;PM
50_400;50;META;400;LEJANIAS;32065010;1;CO
50_450;50;META;450;PUERTO_CONCORDIA;32080040;1;PM
50_568;50;META;568;PUERTO_GAITAN;35120010;1;PM
50_573;50;META;573;PUERTO_LOPEZ;35125010;1;CO
50_577;50;META;577;PUERTO_LLERAS;32075080;1;CO
50_590;50;META;590;PUERTO_RICO;32080010;1;PM
50_606;50;META;606;RESTREPO;35030090;1;PG
50_680;50;META;680;SAN_CARLOS_DE_GUAROA;35010150;0;PM
50_683;50;META;683;SAN_JUAN_DE_ARAMA;32070030;1;PM
50_686;50;META;686;SAN_JUANITO;-999;-999;-999
50_689;50;META;689;SAN_MARTIN;35015050;1;CO
50_711;50;META;711;VISTAHERMOSA;32075030;1;CO
52_001;52;NARINO;001;PASTO;47015100;1;CP
52_019;52;NARINO;019;ALBAN;-999;-999;-999
52_022;52;NARINO;022;ALDANA;52055010;1;SP
52_036;52;NARINO;036;ANCUYA;-999;-999;-999
52_051;52;NARINO;051;ARBOLEDA;52040160;1;PM
52_079;52;NARINO;079;BARBACOAS;52065020;1;CO
52_083;52;NARINO;083;BELEN;-999;-999;-999
52_110;52;NARINO;110;BUESACO;52040040;1;PM
52_203;52;NARINO;203;COLON;52030060;1;PM
52_207;52;NARINO;207;CONSACA;52055030;1;CO
52_210;52;NARINO;210;CONTADERO;52055170;0;CP
52_215;52;NARINO;215;CORDOBA;-999;-999;-999
52_224;52;NARINO;224;CUASPUD;52057040;0;LG
52_227;52;NARINO;227;CUMBAL;52050110;1;PM
52_233;52;NARINO;233;CUMBITARA;52080010;1;PM
52_240;52;NARINO;240;CHACHAGsI;52045020;1;SP
52_250;52;NARINO;250;EL_CHARCO;53020010;1;PM
52_254;52;NARINO;254;EL_PENOL;52050010;1;PM
52_256;52;NARINO;256;EL_ROSARIO;52010030;1;PM
52_258;52;NARINO;258;EL_TABLON_DE_GOMEZ;52040050;1;PM
52_260;52;NARINO;260;EL_TAMBO;52057050;0;LG
52_287;52;NARINO;287;FUNES;52055200;0;CO
52_317;52;NARINO;317;GUACHUCAL;-999;-999;-999
52_320;52;NARINO;320;GUAITARILLA;-999;-999;-999
52_323;52;NARINO;323;GUALMATAN;52050100;1;PM
52_352;52;NARINO;352;ILES;-999;-999;-999
52_354;52;NARINO;354;IMUES;52050090;1;PM
52_356;52;NARINO;356;IPIALES;52057100;0;LG
52_378;52;NARINO;378;LA_CRUZ;52030090;1;PM
52_381;52;NARINO;381;LA_FLORIDA;-999;-999;-999
52_385;52;NARINO;385;LA_LLANADA;52060040;1;PM
52_390;52;NARINO;390;LA_TOLA;-999;-999;-999
52_399;52;NARINO;399;LA_UNION;52030030;1;PM
52_405;52;NARINO;405;LEIVA;52010060;1;PM
52_411;52;NARINO;411;LINARES;52050140;1;PM
52_418;52;NARINO;418;LOS_ANDES;52057030;0;LG
52_427;52;NARINO;427;MAGsI;52070010;1;PM
52_435;52;NARINO;435;MALLAMA;51020011;0;PG
52_473;52;NARINO;473;MOSQUERA;53010020;1;PM
52_480;52;NARINO;480;NARINO;52040070;1;PM
52_490;52;NARINO;490;OLAYA_HERRERA;-999;-999;-999
52_506;52;NARINO;506;OSPINA;-999;-999;-999
52_520;52;NARINO;520;FRANCISCO_PIZARRO;52090010;1;PM
52_540;52;NARINO;540;POLICARPA;52010140;1;PM
52_560;52;NARINO;560;POTOSI;52050190;0;PM
52_565;52;NARINO;565;PROVIDENCIA;-999;-999;-999
52_573;52;NARINO;573;PUERRES;47015080;1;CO
52_585;52;NARINO;585;PUPIALES;52045090;0;CO
52_612;52;NARINO;612;RICAURTE;51027020;0;LM
52_621;52;NARINO;621;ROBERTO_PAYAN;52090020;1;PM
52_678;52;NARINO;678;SAMANIEGO;52055060;1;CO
52_683;52;NARINO;683;SANDONA;52050040;1;PM
52_685;52;NARINO;685;SAN_BERNARDO;52045030;1;CO
52_687;52;NARINO;687;SAN_LORENZO;-999;-999;-999
52_693;52;NARINO;693;SAN_PABLO;-999;-999;-999
52_694;52;NARINO;694;SAN_PEDRO_DE_CARTAGO;-999;-999;-999
52_696;52;NARINO;696;SANTA_BARBARA;-999;-999;-999
52_699;52;NARINO;699;SANTACRUZ;52050050;1;PM
52_720;52;NARINO;720;SAPUYES;52055100;1;CO
52_786;52;NARINO;786;TAMINANGO;52045040;1;CO
52_788;52;NARINO;788;TANGUA;52055090;1;CP
52_835;52;NARINO;835;SAN_ANDRES_DE_TUMACO;51025010;1;AM
52_838;52;NARINO;838;TUQUERRES;52055020;1;CO
52_885;52;NARINO;885;YACUANQUER;-999;-999;-999
54_001;54;NORTE_DE_SANTANDER;001;CUCUTA;16025010;1;CP
54_003;54;NORTE_DE_SANTANDER;003;ABREGO;16055040;1;CP
54_051;54;NORTE_DE_SANTANDER;051;ARBOLEDAS;16020050;1;PM
54_099;54;NORTE_DE_SANTANDER;099;BOCHALEMA;16010020;1;PM
54_109;54;NORTE_DE_SANTANDER;109;BUCARASICA;-999;-999;-999
54_125;54;NORTE_DE_SANTANDER;125;CACOTA;37010030;1;PM
54_128;54;NORTE_DE_SANTANDER;128;CACHIRA;23195180;1;CO
54_172;54;NORTE_DE_SANTANDER;172;CHINACOTA;16010110;1;PM
54_174;54;NORTE_DE_SANTANDER;174;CHITAGA;37010020;1;PM
54_206;54;NORTE_DE_SANTANDER;206;CONVENCION;16055090;1;CP
54_223;54;NORTE_DE_SANTANDER;223;CUCUTILLA;16020080;1;PM
54_239;54;NORTE_DE_SANTANDER;239;DURANIA;16020520;0;PG
54_245;54;NORTE_DE_SANTANDER;245;EL_CARMEN;23210180;0;PG
54_250;54;NORTE_DE_SANTANDER;250;EL_TARRA;16045020;1;CO
54_261;54;NORTE_DE_SANTANDER;261;EL_ZULIA;16025020;1;CO
54_313;54;NORTE_DE_SANTANDER;313;GRAMALOTE;16020010;1;PM
54_344;54;NORTE_DE_SANTANDER;344;HACARI;16040020;1;PM
54_347;54;NORTE_DE_SANTANDER;347;HERRAN;16015090;1;CP
54_377;54;NORTE_DE_SANTANDER;377;LABATECA;37010010;1;PM
54_385;54;NORTE_DE_SANTANDER;385;LA_ESPERANZA;23190510;1;PM
54_398;54;NORTE_DE_SANTANDER;398;LA_PLAYA;16055060;1;CO
54_405;54;NORTE_DE_SANTANDER;405;LOS_PATIOS;-999;-999;-999
54_418;54;NORTE_DE_SANTANDER;418;LOURDES;16030080;1;PM
54_480;54;NORTE_DE_SANTANDER;480;MUTISCUA;16020110;1;PM
54_498;54;NORTE_DE_SANTANDER;498;OCANA;16055010;1;CP
54_518;54;NORTE_DE_SANTANDER;518;PAMPLONA;16015020;1;AM
54_520;54;NORTE_DE_SANTANDER;520;PAMPLONITA;16015140;0;CO
54_553;54;NORTE_DE_SANTANDER;553;PUERTO_SANTANDER;16020370;1;PM
54_599;54;NORTE_DE_SANTANDER;599;RAGONVALIA;16015030;1;CO
54_660;54;NORTE_DE_SANTANDER;660;SALAZAR;16025030;1;CP
54_670;54;NORTE_DE_SANTANDER;670;SAN_CALIXTO;16055080;1;PG
54_673;54;NORTE_DE_SANTANDER;673;SAN_CAYETANO;16020190;1;PM
54_680;54;NORTE_DE_SANTANDER;680;SANTIAGO;16020030;1;PM
54_720;54;NORTE_DE_SANTANDER;720;SARDINATA;16035030;1;CO
54_743;54;NORTE_DE_SANTANDER;743;SILOS;37015010;1;CO
54_800;54;NORTE_DE_SANTANDER;800;TEORAMA;16055020;1;CO
54_810;54;NORTE_DE_SANTANDER;810;TIBU;16035010;1;CO
54_820;54;NORTE_DE_SANTANDER;820;TOLEDO;37035010;1;CO
54_871;54;NORTE_DE_SANTANDER;871;VILLA_CARO;16030090;1;PM
54_874;54;NORTE_DE_SANTANDER;874;VILLA_DEL_ROSARIO;16010010;1;PM
63_001;63;QUINDIO;001;ARMENIA;26125060;1;SP
63_111;63;QUINDIO;111;BUENAVISTA;-999;-999;-999
63_130;63;QUINDIO;130;CALARCA;26125300;0;CP
63_190;63;QUINDIO;190;CIRCASIA;-999;-999;-999
63_212;63;QUINDIO;212;CORDOBA;-999;-999;-999
63_272;63;QUINDIO;272;FILANDIA;-999;-999;-999
63_302;63;QUINDIO;302;GENOVA;26125110;0;CO
63_401;63;QUINDIO;401;LA_TEBAIDA;-999;-999;-999
63_470;63;QUINDIO;470;MONTENEGRO;-999;-999;-999
63_548;63;QUINDIO;548;PIJAO;26120170;1;PM
63_594;63;QUINDIO;594;QUIMBAYA;-999;-999;-999
63_690;63;QUINDIO;690;SALENTO;26120160;1;PM
66_001;66;RISARALDA;001;PEREIRA;26135100;1;CO
66_045;66;RISARALDA;045;APIA;26147130;0;LM
66_075;66;RISARALDA;075;BALBOA;-999;-999;-999
66_088;66;RISARALDA;088;BELEN_DE_UMBRIA;26140090;1;PM
66_170;66;RISARALDA;170;DOSQUEBRADAS;26137170;0;LG
66_318;66;RISARALDA;318;GUATICA;26140080;1;PM
66_383;66;RISARALDA;383;LA_CELIA;-999;-999;-999
66_400;66;RISARALDA;400;LA_VIRGINIA;26140180;1;PM
66_440;66;RISARALDA;440;MARSELLA;26130200;1;PM
66_456;66;RISARALDA;456;MISTRATO;26140120;1;PM
66_572;66;RISARALDA;572;PUEBLO_RICO;54015010;1;CO
66_594;66;RISARALDA;594;QUINCHIA;26170260;1;PM
66_682;66;RISARALDA;682;SANTA_ROSA_DE_CABAL;26135160;1;CO
66_687;66;RISARALDA;687;SANTUARIO;26145030;1;CO
68_001;68;SANTANDER;001;BUCARAMANGA;23195040;1;CP
68_013;68;SANTANDER;013;AGUADA;-999;-999;-999
68_020;68;SANTANDER;020;ALBANIA;23125060;1;CO
68_051;68;SANTANDER;051;ARATOCA;24037350;0;LM
68_077;68;SANTANDER;077;BARBOSA;-999;-999;-999
68_079;68;SANTANDER;079;BARICHARA;24040050;1;PM
68_081;68;SANTANDER;081;BARRANCABERMEJA;23155040;1;CO
68_092;68;SANTANDER;092;BETULIA;24060060;1;PM
68_101;68;SANTANDER;101;BOLIVAR;24010640;1;PM
68_121;68;SANTANDER;121;CABRERA;24040060;1;PM
68_132;68;SANTANDER;132;CALIFORNIA;23190160;0;PM
68_147;68;SANTANDER;147;CAPITANEJO;24035260;1;CO
68_152;68;SANTANDER;152;CARCASI;24030680;1;PG
68_160;68;SANTANDER;160;CEPITA;24030300;1;PM
68_162;68;SANTANDER;162;CERRITO;24030210;1;PM
68_167;68;SANTANDER;167;CHARALA;24025050;1;CO
68_169;68;SANTANDER;169;CHARTA;23197220;0;LM
68_176;68;SANTANDER;176;CHIMA;24015260;1;CO
68_179;68;SANTANDER;179;CHIPATA;-999;-999;-999
68_190;68;SANTANDER;190;CIMITARRA;23125120;1;CO
68_207;68;SANTANDER;207;CONCEPCION;37010050;1;PM
68_209;68;SANTANDER;209;CONFINES;24010230;1;PM
68_211;68;SANTANDER;211;CONTRATACION;-999;-999;-999
68_217;68;SANTANDER;217;COROMORO;24020120;1;PM
68_229;68;SANTANDER;229;CURITI;24020130;1;PM
68_235;68;SANTANDER;235;EL_CARMEN_DE_CHUCURI;23145020;1;CO
68_245;68;SANTANDER;245;EL_GUACAMAYO;24011070;1;PM
68_250;68;SANTANDER;250;EL_PENON;-999;-999;-999
68_255;68;SANTANDER;255;EL_PLAYON;23190140;1;PM
68_264;68;SANTANDER;264;ENCINO;24020040;1;PG
68_266;68;SANTANDER;266;ENCISO;-999;-999;-999
68_271;68;SANTANDER;271;FLORIAN;-999;-999;-999
68_276;68;SANTANDER;276;FLORIDABLANCA;23190400;1;PM
68_296;68;SANTANDER;296;GALAN;-999;-999;-999
68_298;68;SANTANDER;298;GAMBITA;24015280;1;CO
68_307;68;SANTANDER;307;GIRON;23195110;1;CO
68_318;68;SANTANDER;318;GUACA;24030630;1;PM
68_320;68;SANTANDER;320;GUADALUPE;24015250;1;CO
68_322;68;SANTANDER;322;GUAPOTA;-999;-999;-999
68_324;68;SANTANDER;324;GUAVATA;24010820;1;PM
68_327;68;SANTANDER;327;GsEPSA;-999;-999;-999
68_344;68;SANTANDER;344;HATO;-999;-999;-999
68_368;68;SANTANDER;368;JESUS_MARIA;23120220;1;PM
68_370;68;SANTANDER;370;JORDAN;24037360;0;LM
68_377;68;SANTANDER;377;LA_BELLEZA;-999;-999;-999
68_385;68;SANTANDER;385;LANDAZURI;23125130;1;CO
68_397;68;SANTANDER;397;LA_PAZ;-999;-999;-999
68_406;68;SANTANDER;406;LEBRIJA;23195130;1;SP
68_418;68;SANTANDER;418;LOS_SANTOS;24060050;1;PM
68_425;68;SANTANDER;425;MACARAVITA;24030290;1;PM
68_432;68;SANTANDER;432;MALAGA;24030950;1;PG
68_444;68;SANTANDER;444;MATANZA;23190340;1;PM
68_464;68;SANTANDER;464;MOGOTES;24025040;1;CP
68_468;68;SANTANDER;468;MOLAGAVITA;24030340;1;PM
68_498;68;SANTANDER;498;OCAMONTE;24020160;0;PM
68_500;68;SANTANDER;500;OIBA;24010240;1;PM
68_502;68;SANTANDER;502;ONZAGA;24030370;1;PG
68_522;68;SANTANDER;522;PALMAR;24055040;1;CO
68_524;68;SANTANDER;524;PALMAS_DEL_SOCORRO;-999;-999;-999
68_533;68;SANTANDER;533;PARAMO;24027070;0;LG
68_547;68;SANTANDER;547;PIEDECUESTA;23190700;1;PG
68_549;68;SANTANDER;549;PINCHOTE;24025020;1;CP
68_572;68;SANTANDER;572;PUENTE_NACIONAL;24017590;0;LG
68_573;68;SANTANDER;573;PUERTO_PARRA;23125050;1;CO
68_575;68;SANTANDER;575;PUERTO_WILCHES;24065010;1;CO
68_615;68;SANTANDER;615;RIONEGRO;23190350;1;PM
68_655;68;SANTANDER;655;SABANA_DE_TORRES;23185010;1;CP
68_669;68;SANTANDER;669;SAN_ANDRES;24030270;1;PM
68_673;68;SANTANDER;673;SAN_BENITO;24017570;0;LG
68_679;68;SANTANDER;679;SAN_GIL;24020150;1;PM
68_682;68;SANTANDER;682;SAN_JOAQUIN;24030200;1;PM
68_684;68;SANTANDER;684;SAN_JOSE_DE_MIRANDA;-999;-999;-999
68_686;68;SANTANDER;686;SAN_MIGUEL;-999;-999;-999
68_689;68;SANTANDER;689;SAN_VICENTE_DE_CHUCURI;24050060;1;PM
68_705;68;SANTANDER;705;SANTA_BARBARA;24030330;1;PM
68_720;68;SANTANDER;720;SANTA_HELENA_DEL_OPON;-999;-999;-999
68_745;68;SANTANDER;745;SIMACOTA;23140040;1;PM
68_755;68;SANTANDER;755;SOCORRO;24015370;0;CP
68_770;68;SANTANDER;770;SUAITA;24010650;1;PM
68_773;68;SANTANDER;773;SUCRE;24010670;1;PM
68_780;68;SANTANDER;780;SURATA;23195090;1;CO
68_820;68;SANTANDER;820;TONA;37015020;1;CP
68_855;68;SANTANDER;855;VALLE_DE_SAN_JOSE;24020080;1;PM
68_861;68;SANTANDER;861;VELEZ;24015270;1;CO
68_867;68;SANTANDER;867;VETAS;23190450;1;PM
68_872;68;SANTANDER;872;VILLANUEVA;-999;-999;-999
68_895;68;SANTANDER;895;ZAPATOCA;24055030;1;CO
70_001;70;SUCRE;001;SINCELEJO;25025310;1;ME
70_110;70;SUCRE;110;BUENAVISTA;25020860;1;PM
70_124;70;SUCRE;124;CAIMITO;25020980;1;PM
70_204;70;SUCRE;204;COLOSO;13095020;1;CP
70_215;70;SUCRE;215;COROZAL;25025080;1;SS
70_221;70;SUCRE;221;COVENAS;-999;-999;-999
70_230;70;SUCRE;230;CHALAN;13090040;1;PM
70_233;70;SUCRE;233;EL_ROBLE;-999;-999;-999
70_235;70;SUCRE;235;GALERAS;25021000;1;PM
70_265;70;SUCRE;265;GUARANDA;25020940;1;PM
70_400;70;SUCRE;400;LA_UNION;-999;-999;-999
70_418;70;SUCRE;418;LOS_PALMITOS;25020190;1;PM
70_429;70;SUCRE;429;MAJAGUAL;25025240;1;CP
70_473;70;SUCRE;473;MORROA;25025280;0;AM
70_508;70;SUCRE;508;OVEJAS;13097060;0;LM
70_523;70;SUCRE;523;PALMITO;-999;-999;-999
70_670;70;SUCRE;670;SAMPUES;25025270;1;AM
70_678;70;SUCRE;678;SAN_BENITO_ABAD;25025180;1;CO
70_702;70;SUCRE;702;SAN_JUAN_DE_BETULIA;25020400;1;PM
70_708;70;SUCRE;708;SAN_MARCOS;25020740;1;PM
70_713;70;SUCRE;713;SAN_ONOFRE;13090010;1;PM
70_717;70;SUCRE;717;SAN_PEDRO;25020770;1;PM
70_742;70;SUCRE;742;SAN_LUIS_DE_SINCE;25027690;0;LM
70_771;70;SUCRE;771;SUCRE;25020500;1;PM
70_820;70;SUCRE;820;SANTIAGO_DE_TOLU;13090070;1;PM
70_823;70;SUCRE;823;TOLU_VIEJO;13090050;1;PM
73_001;73;TOLIMA;001;IBAGUE;21245010;1;CO
73_024;73;TOLIMA;024;ALPUJARRA;21140120;1;PM
73_026;73;TOLIMA;026;ALVARADO;21240080;1;PM
73_030;73;TOLIMA;030;AMBALEMA;21255080;1;CP
73_043;73;TOLIMA;043;ANZOATEGUI;21240070;1;PM
73_055;73;TOLIMA;055;ARMERO;21255090;1;CP
73_067;73;TOLIMA;067;ATACO;22055020;1;CO
73_124;73;TOLIMA;124;CAJAMARCA;21215100;1;CO
73_148;73;TOLIMA;148;CARMEN_DE_APICALA;21190290;1;PM
73_152;73;TOLIMA;152;CASABIANCA;-999;-999;-999
73_168;73;TOLIMA;168;CHAPARRAL;22045010;1;CO
73_200;73;TOLIMA;200;COELLO;-999;-999;-999
73_217;73;TOLIMA;217;COYAIMA;22050030;1;PM
73_226;73;TOLIMA;226;CUNDAY;21160030;1;PM
73_236;73;TOLIMA;236;DOLORES;21160130;1;PM
73_268;73;TOLIMA;268;ESPINAL;21215080;1;CO
73_270;73;TOLIMA;270;FALAN;-999;-999;-999
73_275;73;TOLIMA;275;FLANDES;21185040;1;SS
73_283;73;TOLIMA;283;FRESNO;23010020;1;PM
73_319;73;TOLIMA;319;GUAMO;21185030;1;CP
73_347;73;TOLIMA;347;HERVEO;-999;-999;-999
73_349;73;TOLIMA;349;HONDA;23010080;1;PM
73_352;73;TOLIMA;352;ICONONZO;-999;-999;-999
73_408;73;TOLIMA;408;LERIDA;21255140;1;CP
73_411;73;TOLIMA;411;LIBANO;21250500;1;PM
73_443;73;TOLIMA;443;MARIQUITA;23025040;1;CO
73_449;73;TOLIMA;449;MELGAR;21190410;1;PM
73_461;73;TOLIMA;461;MURILLO;21250050;1;PM
73_483;73;TOLIMA;483;NATAGAIMA;21135030;1;CP
73_504;73;TOLIMA;504;ORTEGA;22060070;1;PM
73_520;73;TOLIMA;520;PALOCABILDO;-999;-999;-999
73_547;73;TOLIMA;547;PIEDRAS;21220040;1;PM
73_555;73;TOLIMA;555;PLANADAS;22020020;1;PM
73_563;73;TOLIMA;563;PRADO;21165010;1;CO
73_585;73;TOLIMA;585;PURIFICACION;21165030;1;CO
73_616;73;TOLIMA;616;RIOBLANCO;22015020;1;CO
73_622;73;TOLIMA;622;RONCESVALLES;22070010;1;PM
73_624;73;TOLIMA;624;ROVIRA;22075030;1;CO
73_671;73;TOLIMA;671;SALDANA;21135020;1;CO
73_675;73;TOLIMA;675;SAN_ANTONIO;22065040;1;CP
73_678;73;TOLIMA;678;SAN_LUIS;21210190;1;PG
73_686;73;TOLIMA;686;SANTA_ISABEL;21255110;1;CO
73_770;73;TOLIMA;770;SUAREZ;21170020;1;PM
73_854;73;TOLIMA;854;VALLE_DE_SAN_JUAN;21185080;1;CO
73_861;73;TOLIMA;861;VENADILLO;21250100;1;PM
73_870;73;TOLIMA;870;VILLAHERMOSA;21255120;1;CO
73_873;73;TOLIMA;873;VILLARRICA;21160070;1;PM
76_001;76;VALLE_DEL_CAUCA;001;CALI;26055070;1;CP
76_020;76;VALLE_DEL_CAUCA;020;ALCALA;26120150;1;PM
76_036;76;VALLE_DEL_CAUCA;036;ANDALUCIA;26100700;1;PM
76_041;76;VALLE_DEL_CAUCA;041;ANSERMANUEVO;26110150;1;PM
76_054;76;VALLE_DEL_CAUCA;054;ARGELIA;54035020;1;CO
76_100;76;VALLE_DEL_CAUCA;100;BOLIVAR;26110040;1;PM
76_109;76;VALLE_DEL_CAUCA;109;BUENAVENTURA;54075020;1;CO
76_111;76;VALLE_DEL_CAUCA;111;GUADALAJARA_DE_BUGA;-999;-999;-999
76_113;76;VALLE_DEL_CAUCA;113;BUGALAGRANDE;26105150;1;CO
76_122;76;VALLE_DEL_CAUCA;122;CAICEDONIA;26120120;1;PM
76_126;76;VALLE_DEL_CAUCA;126;CALIMA;-999;-999;-999
76_130;76;VALLE_DEL_CAUCA;130;CANDELARIA;26060020;1;PM
76_147;76;VALLE_DEL_CAUCA;147;CARTAGO;26100830;1;PM
76_233;76;VALLE_DEL_CAUCA;233;DAGUA;53100040;1;PM
76_243;76;VALLE_DEL_CAUCA;243;EL_AGUILA;26110120;1;PM
76_246;76;VALLE_DEL_CAUCA;246;EL_CAIRO;-999;-999;-999
76_248;76;VALLE_DEL_CAUCA;248;EL_CERRITO;26095080;1;CO
76_250;76;VALLE_DEL_CAUCA;250;EL_DOVIO;54030030;1;PM
76_275;76;VALLE_DEL_CAUCA;275;FLORIDA;26075080;1;AM
76_306;76;VALLE_DEL_CAUCA;306;GINEBRA;26090060;1;PM
76_318;76;VALLE_DEL_CAUCA;318;GUACARI;26090630;0;PM
76_364;76;VALLE_DEL_CAUCA;364;JAMUNDI;26055110;0;AM
76_377;76;VALLE_DEL_CAUCA;377;LA_CUMBRE;53110040;1;PM
76_400;76;VALLE_DEL_CAUCA;400;LA_UNION;26115040;1;CP
76_403;76;VALLE_DEL_CAUCA;403;LA_VICTORIA;26100740;1;PM
76_497;76;VALLE_DEL_CAUCA;497;OBANDO;26100300;1;PM
76_520;76;VALLE_DEL_CAUCA;520;PALMIRA;26075010;1;AM
76_563;76;VALLE_DEL_CAUCA;563;PRADERA;26070170;1;PM
76_606;76;VALLE_DEL_CAUCA;606;RESTREPO;-999;-999;-999
76_616;76;VALLE_DEL_CAUCA;616;RIOFRIO;26087030;0;LG
76_622;76;VALLE_DEL_CAUCA;622;ROLDANILLO;26115080;1;ME
76_670;76;VALLE_DEL_CAUCA;670;SAN_PEDRO;26107130;0;LG
76_736;76;VALLE_DEL_CAUCA;736;SEVILLA;26125130;1;CO
76_823;76;VALLE_DEL_CAUCA;823;TORO;26110160;1;PM
76_828;76;VALLE_DEL_CAUCA;828;TRUJILLO;-999;-999;-999
76_834;76;VALLE_DEL_CAUCA;834;TULUA;26105140;1;CO
76_845;76;VALLE_DEL_CAUCA;845;ULLOA;-999;-999;-999
76_863;76;VALLE_DEL_CAUCA;863;VERSALLES;54030010;1;PM
76_869;76;VALLE_DEL_CAUCA;869;VIJES;26080070;1;PM
76_890;76;VALLE_DEL_CAUCA;890;YOTOCO;26080290;1;PM
76_892;76;VALLE_DEL_CAUCA;892;YUMBO;-999;-999;-999
76_895;76;VALLE_DEL_CAUCA;895;ZARZAL;26105110;1;CO
81_001;81;ARAUCA;001;ARAUCA;37055010;1;SP
81_065;81;ARAUCA;065;ARAUQUITA;37050010;1;PM
81_220;81;ARAUCA;220;CRAVO_NORTE;36030020;1;PM
81_300;81;ARAUCA;300;FORTUL;-999;-999;-999
81_591;81;ARAUCA;591;PUERTO_RONDON;-999;-999;-999
81_736;81;ARAUCA;736;SARAVENA;37045010;1;CO
81_794;81;ARAUCA;794;TAME;36025010;1;CO
85_001;85;CASANARE;001;YOPAL;35215010;1;CP
85_010;85;CASANARE;010;AGUAZUL;35195030;1;CO
85_015;85;CASANARE;015;CHAMEZA;35190030;1;PG
85_125;85;CASANARE;125;HATO_COROZAL;36020020;1;PM
85_136;85;CASANARE;136;LA_SALINA;-999;-999;-999
85_139;85;CASANARE;139;MANI;35180040;1;PM
85_162;85;CASANARE;162;MONTERREY;-999;-999;-999
85_225;85;CASANARE;225;NUNCHIA;35210060;0;PG
85_230;85;CASANARE;230;OROCUE;35225020;1;CO
85_250;85;CASANARE;250;PAZ_DE_ARIPORO;36015010;0;CP
85_263;85;CASANARE;263;PORE;35230020;1;PM
85_279;85;CASANARE;279;RECETOR;-999;-999;-999
85_300;85;CASANARE;300;SABANALARGA;35090040;1;PM
85_315;85;CASANARE;315;SACAMA;36020010;1;PM
85_325;85;CASANARE;325;SAN_LUIS_DE_PALENQUE;35230010;1;PM
85_400;85;CASANARE;400;TAMARA;35230030;1;PG
85_410;85;CASANARE;410;TAURAMENA;35195020;1;CO
85_430;85;CASANARE;430;TRINIDAD;35235030;0;CP
85_440;85;CASANARE;440;VILLANUEVA;35095110;1;CP
86_001;86;PUTUMAYO;001;MOCOA;44015040;1;CO
86_219;86;PUTUMAYO;219;COLON;47015040;1;CO
86_320;86;PUTUMAYO;320;ORITO;47010220;1;PM
86_568;86;PUTUMAYO;568;PUERTO_ASIS;47010030;1;PM
86_569;86;PUTUMAYO;569;PUERTO_CAICEDO;47010110;1;PM
86_571;86;PUTUMAYO;571;PUERTO_GUZMAN;44010080;1;PM
86_573;86;PUTUMAYO;573;LEGUIZAMO;44115020;1;AM
86_749;86;PUTUMAYO;749;SIBUNDOY;47015090;1;CO
86_755;86;PUTUMAYO;755;SAN_FRANCISCO;44010040;1;PG
86_757;86;PUTUMAYO;757;SAN_MIGUEL;47020010;1;PM
86_760;86;PUTUMAYO;760;SANTIAGO;47010020;1;PG
86_865;86;PUTUMAYO;865;VALLE_DEL_GUAMUEZ;47020020;1;PM
86_885;86;PUTUMAYO;885;VILLAGARZON;44015010;1;AM
88_001;88;SAN_ANDRES_PROVIDENCIA_;001;SAN_ANDRES;17015010;1;SP
88_564;88;SAN_ANDRES;564;PROVIDENCIA;-999;-999;-999
91_001;91;AMAZONAS;001;LETICIA;48015010;1;SP
91_263;91;AMAZONAS;263;EL_ENCANTO;47040050;1;PM
91_405;91;AMAZONAS;405;LA_CHORRERA;44130030;1;PM
91_407;91;AMAZONAS;407;LA_PEDRERA;44150040;1;PM
91_430;91;AMAZONAS;430;LA_VICTORIA;-999;-999;-999
91_460;91;AMAZONAS;460;MIRITI_-_PARANA;44150020;1;PM
91_530;91;AMAZONAS;530;PUERTO_ALEGRIA;47040020;1;PM
91_536;91;AMAZONAS;536;PUERTO_ARICA;47060020;1;PM
91_540;91;AMAZONAS;540;PUERTO_NARINO;48010020;1;PM
91_669;91;AMAZONAS;669;PUERTO_SANTANDER;44130070;1;PM
91_798;91;AMAZONAS;798;TARAPACA;47100010;0;PM
94_001;94;GUAINIA;001;INIRIDA;31095010;1;CP
94_343;94;GUAINIA;343;BARRANCO_MINAS;32150040;1;PM
94_663;94;GUAINIA;663;MAPIRIPANA;32150020;0;PM
94_883;94;GUAINIA;883;SAN_FELIPE;-999;-999;-999
94_884;94;GUAINIA;884;PUERTO_COLOMBIA;-999;-999;-999
94_885;94;GUAINIA;885;LA_GUADALUPE;-999;-999;-999
94_886;94;GUAINIA;886;CACAHUAL;-999;-999;-999
94_887;94;GUAINIA;887;PANA_PANA;-999;-999;-999
94_888;94;GUAINIA;888;MORICHAL;-999;-999;-999
95_001;95;GUAVIARE;001;SAN_JOSE_DEL_GUAVIARE;31015010;1;CO
95_015;95;GUAVIARE;015;CALAMAR;-999;-999;-999
95_025;95;GUAVIARE;025;EL_RETORNO;-999;-999;-999
95_200;95;GUAVIARE;200;MIRAFLORES;-999;-999;-999
97_001;97;VAUPES;001;MITU;42040010;1;PM
97_161;97;VAUPES;161;CARURU;-999;-999;-999
97_511;97;VAUPES;511;PACOA;-999;-999;-999
97_666;97;VAUPES;666;TARAIRA;43010010;0;PM
97_777;97;VAUPES;777;PAPUNAUA;-999;-999;-999
97_889;97;VAUPES;889;YAVARATE;42105010;0;CO
99_001;99;VICHADA;001;PUERTO_CARRENO;38015030;1;SP
99_524;99;VICHADA;524;LA_PRIMAVERA;35250010;1;PM
99_624;99;VICHADA;624;SANTA_ROSALIA;35260010;1;PM
99_773;99;VICHADA;773;CUMARIBO;33055010;1;CO
